date,zone,vacances_scolaires,type_vacances
2022-01-01,Zone C,1,Noel
2022-01-02,Zone C,1,Noel
2022-01-03,Zone C,1,Noel
2022-01-04,Zone C,1,Noel
2022-01-05,Zone C,1,Noel
2022-02-13,Zone C,1,Hiver
2022-02-14,Zone C,1,Hiver
2022-02-15,Zone C,1,Hiver
2022-02-16,Zone C,1,Hiver
2022-02-17,Zone C,1,Hiver
2022-02-18,Zone C,1,Hiver
2022-02-19,Zone C,1,Hiver
2022-02-20,Zone C,1,Hiver
2022-02-21,Zone C,1,Hiver
2022-02-22,Zone C,1,Hiver
2022-02-23,Zone C,1,Hiver
2022-02-24,Zone C,1,Hiver
2022-04-10,Zone C,1,Printemps
2022-04-11,Zone C,1,Printemps
2022-04-12,Zone C,1,Printemps
2022-04-13,Zone C,1,Printemps
2022-04-14,Zone C,1,Printemps
2022-04-15,Zone C,1,Printemps
2022-04-16,Zone C,1,Printemps
2022-04-17,Zone C,1,Printemps
2022-04-18,Zone C,1,Printemps
2022-04-19,Zone C,1,Printemps
2022-04-20,Zone C,1,Printemps
2022-04-21,Zone C,1,Printemps
2022-04-22,Zone C,1,Printemps
2022-04-23,Zone C,1,Printemps
2022-04-24,Zone C,1,Printemps
2022-07-01,Zone C,1,Ete
2022-07-02,Zone C,1,Ete
2022-07-03,Zone C,1,Ete
2022-07-04,Zone C,1,Ete
2022-07-05,Zone C,1,Ete
2022-07-06,Zone C,1,Ete
2022-07-07,Zone C,1,Ete
2022-07-08,Zone C,1,Ete
2022-07-09,Zone C,1,Ete
2022-07-10,Zone C,1,Ete
2022-07-11,Zone C,1,Ete
2022-07-12,Zone C,1,Ete
2022-07-13,Zone C,1,Ete
2022-07-14,Zone C,1,Ete
2022-07-15,Zone C,1,Ete
2022-07-16,Zone C,1,Ete
2022-07-17,Zone C,1,Ete
2022-07-18,Zone C,1,Ete
2022-07-19,Zone C,1,Ete
2022-07-20,Zone C,1,Ete
2022-07-21,Zone C,1,Ete
2022-07-22,Zone C,1,Ete
2022-07-23,Zone C,1,Ete
2022-07-24,Zone C,1,Ete
2022-07-25,Zone C,1,Ete
2022-07-26,Zone C,1,Ete
2022-07-27,Zone C,1,Ete
2022-07-28,Zone C,1,Ete
2022-07-29,Zone C,1,Ete
2022-07-30,Zone C,1,Ete
2022-07-31,Zone C,1,Ete
2022-08-01,Zone C,1,Ete
2022-08-02,Zone C,1,Ete
2022-08-03,Zone C,1,Ete
2022-08-04,Zone C,1,Ete
2022-08-05,Zone C,1,Ete
2022-08-06,Zone C,1,Ete
2022-08-07,Zone C,1,Ete
2022-08-08,Zone C,1,Ete
2022-08-09,Zone C,1,Ete
2022-08-10,Zone C,1,Ete
2022-08-11,Zone C,1,Ete
2022-08-12,Zone C,1,Ete
2022-08-13,Zone C,1,Ete
2022-08-14,Zone C,1,Ete
2022-08-15,Zone C,1,Ete
2022-08-16,Zone C,1,Ete
2022-08-17,Zone C,1,Ete
2022-08-18,Zone C,1,Ete
2022-08-19,Zone C,1,Ete
2022-08-20,Zone C,1,Ete
2022-08-21,Zone C,1,Ete
2022-08-22,Zone C,1,Ete
2022-08-23,Zone C,1,Ete
2022-08-24,Zone C,1,Ete
2022-08-25,Zone C,1,Ete
2022-08-26,Zone C,1,Ete
2022-08-27,Zone C,1,Ete
2022-08-28,Zone C,1,Ete
2022-08-29,Zone C,1,Ete
2022-08-30,Zone C,1,Ete
2022-08-31,Zone C,1,Ete
2022-10-25,Zone C,1,Toussaint
2022-10-26,Zone C,1,Toussaint
2022-10-27,Zone C,1,Toussaint
2022-10-28,Zone C,1,Toussaint
2022-10-29,Zone C,1,Toussaint
2022-10-30,Zone C,1,Toussaint
2022-10-31,Zone C,1,Toussaint
2022-11-01,Zone C,1,Toussaint
2022-11-02,Zone C,1,Toussaint
2022-11-03,Zone C,1,Toussaint
2022-12-20,Zone C,1,Noel
2022-12-21,Zone C,1,Noel
2022-12-22,Zone C,1,Noel
2022-12-23,Zone C,1,Noel
2022-12-24,Zone C,1,Noel
2022-12-25,Zone C,1,Noel
2022-12-26,Zone C,1,Noel
2022-12-27,Zone C,1,Noel
2022-12-28,Zone C,1,Noel
2022-12-29,Zone C,1,Noel
2022-12-30,Zone C,1,Noel
2022-12-31,Zone C,1,Noel
2023-01-01,Zone C,1,Noel
2023-01-02,Zone C,1,Noel
2023-01-03,Zone C,1,Noel
2023-01-04,Zone C,1,Noel
2023-01-05,Zone C,1,Noel
2023-02-12,Zone C,1,Hiver
2023-02-13,Zone C,1,Hiver
2023-02-14,Zone C,1,Hiver
2023-02-15,Zone C,1,Hiver
2023-02-16,Zone C,1,Hiver
2023-02-17,Zone C,1,Hiver
2023-02-18,Zone C,1,Hiver
2023-02-19,Zone C,1,Hiver
2023-02-20,Zone C,1,Hiver
2023-02-21,Zone C,1,Hiver
2023-02-22,Zone C,1,Hiver
2023-02-23,Zone C,1,Hiver
2023-04-09,Zone C,1,Printemps
2023-04-10,Zone C,1,Printemps
2023-04-11,Zone C,1,Printemps
2023-04-12,Zone C,1,Printemps
2023-04-13,Zone C,1,Printemps
2023-04-14,Zone C,1,Printemps
2023-04-15,Zone C,1,Printemps
2023-04-16,Zone C,1,Printemps
2023-04-17,Zone C,1,Printemps
2023-04-18,Zone C,1,Printemps
2023-04-19,Zone C,1,Printemps
2023-04-20,Zone C,1,Printemps
2023-04-21,Zone C,1,Printemps
2023-04-22,Zone C,1,Printemps
2023-04-23,Zone C,1,Printemps
2023-07-01,Zone C,1,Ete
2023-07-02,Zone C,1,Ete
2023-07-03,Zone C,1,Ete
2023-07-04,Zone C,1,Ete
2023-07-05,Zone C,1,Ete
2023-07-06,Zone C,1,Ete
2023-07-07,Zone C,1,Ete
2023-07-08,Zone C,1,Ete
2023-07-09,Zone C,1,Ete
2023-07-10,Zone C,1,Ete
2023-07-11,Zone C,1,Ete
2023-07-12,Zone C,1,Ete
2023-07-13,Zone C,1,Ete
2023-07-14,Zone C,1,Ete
2023-07-15,Zone C,1,Ete
2023-07-16,Zone C,1,Ete
2023-07-17,Zone C,1,Ete
2023-07-18,Zone C,1,Ete
2023-07-19,Zone C,1,Ete
2023-07-20,Zone C,1,Ete
2023-07-21,Zone C,1,Ete
2023-07-22,Zone C,1,Ete
2023-07-23,Zone C,1,Ete
2023-07-24,Zone C,1,Ete
2023-07-25,Zone C,1,Ete
2023-07-26,Zone C,1,Ete
2023-07-27,Zone C,1,Ete
2023-07-28,Zone C,1,Ete
2023-07-29,Zone C,1,Ete
2023-07-30,Zone C,1,Ete
2023-07-31,Zone C,1,Ete
2023-08-01,Zone C,1,Ete
2023-08-02,Zone C,1,Ete
2023-08-03,Zone C,1,Ete
2023-08-04,Zone C,1,Ete
2023-08-05,Zone C,1,Ete
2023-08-06,Zone C,1,Ete
2023-08-07,Zone C,1,Ete
2023-08-08,Zone C,1,Ete
2023-08-09,Zone C,1,Ete
2023-08-10,Zone C,1,Ete
2023-08-11,Zone C,1,Ete
2023-08-12,Zone C,1,Ete
2023-08-13,Zone C,1,Ete
2023-08-14,Zone C,1,Ete
2023-08-15,Zone C,1,Ete
2023-08-16,Zone C,1,Ete
2023-08-17,Zone C,1,Ete
2023-08-18,Zone C,1,Ete
2023-08-19,Zone C,1,Ete
2023-08-20,Zone C,1,Ete
2023-08-21,Zone C,1,Ete
2023-08-22,Zone C,1,Ete
2023-08-23,Zone C,1,Ete
2023-08-24,Zone C,1,Ete
2023-08-25,Zone C,1,Ete
2023-08-26,Zone C,1,Ete
2023-08-27,Zone C,1,Ete
2023-08-28,Zone C,1,Ete
2023-08-29,Zone C,1,Ete
2023-08-30,Zone C,1,Ete
2023-08-31,Zone C,1,Ete
2023-10-24,Zone C,1,Toussaint
2023-10-25,Zone C,1,Toussaint
2023-10-26,Zone C,1,Toussaint
2023-10-27,Zone C,1,Toussaint
2023-10-28,Zone C,1,Toussaint
2023-10-29,Zone C,1,Toussaint
2023-10-30,Zone C,1,Toussaint
2023-10-31,Zone C,1,Toussaint
2023-11-01,Zone C,1,Toussaint
2023-11-02,Zone C,1,Toussaint
2023-12-20,Zone C,1,Noel
2023-12-21,Zone C,1,Noel
2023-12-22,Zone C,1,Noel
2023-12-23,Zone C,1,Noel
2023-12-24,Zone C,1,Noel
2023-12-25,Zone C,1,Noel
2023-12-26,Zone C,1,Noel
2023-12-27,Zone C,1,Noel
2023-12-28,Zone C,1,Noel
2023-12-29,Zone C,1,Noel
2023-12-30,Zone C,1,Noel
2023-12-31,Zone C,1,Noel
2024-01-01,Zone C,1,Noel
2024-01-02,Zone C,1,Noel
2024-01-03,Zone C,1,Noel
2024-01-04,Zone C,1,Noel
2024-01-05,Zone C,1,Noel
2024-02-11,Zone C,1,Hiver
2024-02-12,Zone C,1,Hiver
2024-02-13,Zone C,1,Hiver
2024-02-14,Zone C,1,Hiver
2024-02-15,Zone C,1,Hiver
2024-02-16,Zone C,1,Hiver
2024-02-17,Zone C,1,Hiver
2024-02-18,Zone C,1,Hiver
2024-02-19,Zone C,1,Hiver
2024-02-20,Zone C,1,Hiver
2024-02-21,Zone C,1,Hiver
2024-02-22,Zone C,1,Hiver
2024-04-07,Zone C,1,Printemps
2024-04-08,Zone C,1,Printemps
2024-04-09,Zone C,1,Printemps
2024-04-10,Zone C,1,Printemps
2024-04-11,Zone C,1,Printemps
2024-04-12,Zone C,1,Printemps
2024-04-13,Zone C,1,Printemps
2024-04-14,Zone C,1,Printemps
2024-04-15,Zone C,1,Printemps
2024-04-16,Zone C,1,Printemps
2024-04-17,Zone C,1,Printemps
2024-04-18,Zone C,1,Printemps
2024-04-19,Zone C,1,Printemps
2024-04-20,Zone C,1,Printemps
2024-04-21,Zone C,1,Printemps
2024-07-01,Zone C,1,Ete
2024-07-02,Zone C,1,Ete
2024-07-03,Zone C,1,Ete
2024-07-04,Zone C,1,Ete
2024-07-05,Zone C,1,Ete
2024-07-06,Zone C,1,Ete
2024-07-07,Zone C,1,Ete
2024-07-08,Zone C,1,Ete
2024-07-09,Zone C,1,Ete
2024-07-10,Zone C,1,Ete
2024-07-11,Zone C,1,Ete
2024-07-12,Zone C,1,Ete
2024-07-13,Zone C,1,Ete
2024-07-14,Zone C,1,Ete
2024-07-15,Zone C,1,Ete
2024-07-16,Zone C,1,Ete
2024-07-17,Zone C,1,Ete
2024-07-18,Zone C,1,Ete
2024-07-19,Zone C,1,Ete
2024-07-20,Zone C,1,Ete
2024-07-21,Zone C,1,Ete
2024-07-22,Zone C,1,Ete
2024-07-23,Zone C,1,Ete
2024-07-24,Zone C,1,Ete
2024-07-25,Zone C,1,Ete
2024-07-26,Zone C,1,Ete
2024-07-27,Zone C,1,Ete
2024-07-28,Zone C,1,Ete
2024-07-29,Zone C,1,Ete
2024-07-30,Zone C,1,Ete
2024-07-31,Zone C,1,Ete
2024-08-01,Zone C,1,Ete
2024-08-02,Zone C,1,Ete
2024-08-03,Zone C,1,Ete
2024-08-04,Zone C,1,Ete
2024-08-05,Zone C,1,Ete
2024-08-06,Zone C,1,Ete
2024-08-07,Zone C,1,Ete
2024-08-08,Zone C,1,Ete
2024-08-09,Zone C,1,Ete
2024-08-10,Zone C,1,Ete
2024-08-11,Zone C,1,Ete
2024-08-12,Zone C,1,Ete
2024-08-13,Zone C,1,Ete
2024-08-14,Zone C,1,Ete
2024-08-15,Zone C,1,Ete
2024-08-16,Zone C,1,Ete
2024-08-17,Zone C,1,Ete
2024-08-18,Zone C,1,Ete
2024-08-19,Zone C,1,Ete
2024-08-20,Zone C,1,Ete
2024-08-21,Zone C,1,Ete
2024-08-22,Zone C,1,Ete
2024-08-23,Zone C,1,Ete
2024-08-24,Zone C,1,Ete
2024-08-25,Zone C,1,Ete
2024-08-26,Zone C,1,Ete
2024-08-27,Zone C,1,Ete
2024-08-28,Zone C,1,Ete
2024-08-29,Zone C,1,Ete
2024-08-30,Zone C,1,Ete
2024-08-31,Zone C,1,Ete
2024-10-22,Zone C,1,Toussaint
2024-10-23,Zone C,1,Toussaint
2024-10-24,Zone C,1,Toussaint
2024-10-25,Zone C,1,Toussaint
2024-10-26,Zone C,1,Toussaint
2024-10-27,Zone C,1,Toussaint
2024-10-28,Zone C,1,Toussaint
2024-10-29,Zone C,1,Toussaint
2024-10-30,Zone C,1,Toussaint
2024-10-31,Zone C,1,Toussaint
2024-11-01,Zone C,1,Toussaint
2024-12-20,Zone C,1,Noel
2024-12-21,Zone C,1,Noel
2024-12-22,Zone C,1,Noel
2024-12-23,Zone C,1,Noel
2024-12-24,Zone C,1,Noel
2024-12-25,Zone C,1,Noel
2024-12-26,Zone C,1,Noel
2024-12-27,Zone C,1,Noel
2024-12-28,Zone C,1,Noel
2024-12-29,Zone C,1,Noel
2024-12-30,Zone C,1,Noel
2024-12-31,Zone C,1,Noel
2025-01-01,Zone C,1,Noel
2025-01-02,Zone C,1,Noel
2025-01-03,Zone C,1,Noel
2025-01-04,Zone C,1,Noel
2025-01-05,Zone C,1,Noel
2025-02-09,Zone C,1,Hiver
2025-02-10,Zone C,1,Hiver
2025-02-11,Zone C,1,Hiver
2025-02-12,Zone C,1,Hiver
2025-02-13,Zone C,1,Hiver
2025-02-14,Zone C,1,Hiver
2025-02-15,Zone C,1,Hiver
2025-02-16,Zone C,1,Hiver
2025-02-17,Zone C,1,Hiver
2025-02-18,Zone C,1,Hiver
2025-02-19,Zone C,1,Hiver
2025-02-20,Zone C,1,Hiver
2025-02-21,Zone C,1,Hiver
2025-04-06,Zone C,1,Printemps
2025-04-07,Zone C,1,Printemps
2025-04-08,Zone C,1,Printemps
2025-04-09,Zone C,1,Printemps
2025-04-10,Zone C,1,Printemps
2025-04-11,Zone C,1,Printemps
2025-04-12,Zone C,1,Printemps
2025-04-13,Zone C,1,Printemps
2025-04-14,Zone C,1,Printemps
2025-04-15,Zone C,1,Printemps
2025-04-16,Zone C,1,Printemps
2025-04-17,Zone C,1,Printemps
2025-04-18,Zone C,1,Printemps
2025-04-19,Zone C,1,Printemps
2025-04-20,Zone C,1,Printemps
2025-07-01,Zone C,1,Ete
2025-07-02,Zone C,1,Ete
2025-07-03,Zone C,1,Ete
2025-07-04,Zone C,1,Ete
2025-07-05,Zone C,1,Ete
2025-07-06,Zone C,1,Ete
2025-07-07,Zone C,1,Ete
2025-07-08,Zone C,1,Ete
2025-07-09,Zone C,1,Ete
2025-07-10,Zone C,1,Ete
2025-07-11,Zone C,1,Ete
2025-07-12,Zone C,1,Ete
2025-07-13,Zone C,1,Ete
2025-07-14,Zone C,1,Ete
2025-07-15,Zone C,1,Ete
2025-07-16,Zone C,1,Ete
2025-07-17,Zone C,1,Ete
2025-07-18,Zone C,1,Ete
2025-07-19,Zone C,1,Ete
2025-07-20,Zone C,1,Ete
2025-07-21,Zone C,1,Ete
2025-07-22,Zone C,1,Ete
2025-07-23,Zone C,1,Ete
2025-07-24,Zone C,1,Ete
2025-07-25,Zone C,1,Ete
2025-07-26,Zone C,1,Ete
2025-07-27,Zone C,1,Ete
2025-07-28,Zone C,1,Ete
2025-07-29,Zone C,1,Ete
2025-07-30,Zone C,1,Ete
2025-07-31,Zone C,1,Ete
2025-08-01,Zone C,1,Ete
2025-08-02,Zone C,1,Ete
2025-08-03,Zone C,1,Ete
2025-08-04,Zone C,1,Ete
2025-08-05,Zone C,1,Ete
2025-08-06,Zone C,1,Ete
2025-08-07,Zone C,1,Ete
2025-08-08,Zone C,1,Ete
2025-08-09,Zone C,1,Ete
2025-08-10,Zone C,1,Ete
2025-08-11,Zone C,1,Ete
2025-08-12,Zone C,1,Ete
2025-08-13,Zone C,1,Ete
2025-08-14,Zone C,1,Ete
2025-08-15,Zone C,1,Ete
2025-08-16,Zone C,1,Ete
2025-08-17,Zone C,1,Ete
2025-08-18,Zone C,1,Ete
2025-08-19,Zone C,1,Ete
2025-08-20,Zone C,1,Ete
2025-08-21,Zone C,1,Ete
2025-08-22,Zone C,1,Ete
2025-08-23,Zone C,1,Ete
2025-08-24,Zone C,1,Ete
2025-08-25,Zone C,1,Ete
2025-08-26,Zone C,1,Ete
2025-08-27,Zone C,1,Ete
2025-08-28,Zone C,1,Ete
2025-08-29,Zone C,1,Ete
2025-08-30,Zone C,1,Ete
2025-08-31,Zone C,1,Ete
2025-10-19,Zone C,1,Toussaint
2025-10-20,Zone C,1,Toussaint
2025-10-21,Zone C,1,Toussaint
2025-10-22,Zone C,1,Toussaint
2025-10-23,Zone C,1,Toussaint
2025-10-24,Zone C,1,Toussaint
2025-10-25,Zone C,1,Toussaint
2025-10-26,Zone C,1,Toussaint
2025-10-27,Zone C,1,Toussaint
2025-10-28,Zone C,1,Toussaint
2025-10-29,Zone C,1,Toussaint
2025-10-30,Zone C,1,Toussaint
2025-10-31,Zone C,1,Toussaint
2025-11-01,Zone C,1,Toussaint
2025-11-02,Zone C,1,Toussaint
2025-12-20,Zone C,1,Noel
2025-12-21,Zone C,1,Noel
2025-12-22,Zone C,1,Noel
2025-12-23,Zone C,1,Noel
2025-12-24,Zone C,1,Noel
2025-12-25,Zone C,1,Noel
2025-12-26,Zone C,1,Noel
2025-12-27,Zone C,1,Noel
2025-12-28,Zone C,1,Noel
2025-12-29,Zone C,1,Noel
2025-12-30,Zone C,1,Noel
2025-12-31,Zone C,1,Noel
2026-01-01,Zone C,1,Noel
2026-01-02,Zone C,1,Noel
2026-01-03,Zone C,1,Noel
2026-01-04,Zone C,1,Noel
2026-01-05,Zone C,1,Noel
2026-02-08,Zone C,1,Hiver
2026-02-09,Zone C,1,Hiver
2026-02-10,Zone C,1,Hiver
2026-02-11,Zone C,1,Hiver
2026-02-12,Zone C,1,Hiver
2026-02-13,Zone C,1,Hiver
2026-02-14,Zone C,1,Hiver
2026-02-15,Zone C,1,Hiver
2026-02-16,Zone C,1,Hiver
2026-02-17,Zone C,1,Hiver
2026-02-18,Zone C,1,Hiver
2026-02-19,Zone C,1,Hiver
2026-02-20,Zone C,1,Hiver
2026-04-05,Zone C,1,Printemps
2026-04-06,Zone C,1,Printemps
2026-04-07,Zone C,1,Printemps
2026-04-08,Zone C,1,Printemps
2026-04-09,Zone C,1,Printemps
2026-04-10,Zone C,1,Printemps
2026-04-11,Zone C,1,Printemps
2026-04-12,Zone C,1,Printemps
2026-04-13,Zone C,1,Printemps
2026-04-14,Zone C,1,Printemps
2026-04-15,Zone C,1,Printemps
2026-04-16,Zone C,1,Printemps
2026-04-17,Zone C,1,Printemps
2026-04-18,Zone C,1,Printemps
2026-04-19,Zone C,1,Printemps
2026-07-01,Zone C,1,Ete
2026-07-02,Zone C,1,Ete
2026-07-03,Zone C,1,Ete
2026-07-04,Zone C,1,Ete
2026-07-05,Zone C,1,Ete
2026-07-06,Zone C,1,Ete
2026-07-07,Zone C,1,Ete
2026-07-08,Zone C,1,Ete
2026-07-09,Zone C,1,Ete
2026-07-10,Zone C,1,Ete
2026-07-11,Zone C,1,Ete
2026-07-12,Zone C,1,Ete
2026-07-13,Zone C,1,Ete
2026-07-14,Zone C,1,Ete
2026-07-15,Zone C,1,Ete
2026-07-16,Zone C,1,Ete
2026-07-17,Zone C,1,Ete
2026-07-18,Zone C,1,Ete
2026-07-19,Zone C,1,Ete
2026-07-20,Zone C,1,Ete
2026-07-21,Zone C,1,Ete
2026-07-22,Zone C,1,Ete
2026-07-23,Zone C,1,Ete
2026-07-24,Zone C,1,Ete
2026-07-25,Zone C,1,Ete
2026-07-26,Zone C,1,Ete
2026-07-27,Zone C,1,Ete
2026-07-28,Zone C,1,Ete
2026-07-29,Zone C,1,Ete
2026-07-30,Zone C,1,Ete
2026-07-31,Zone C,1,Ete
2026-08-01,Zone C,1,Ete
2026-08-02,Zone C,1,Ete
2026-08-03,Zone C,1,Ete
2026-08-04,Zone C,1,Ete
2026-08-05,Zone C,1,Ete
2026-08-06,Zone C,1,Ete
2026-08-07,Zone C,1,Ete
2026-08-08,Zone C,1,Ete
2026-08-09,Zone C,1,Ete
2026-08-10,Zone C,1,Ete
2026-08-11,Zone C,1,Ete
2026-08-12,Zone C,1,Ete
2026-08-13,Zone C,1,Ete
2026-08-14,Zone C,1,Ete
2026-08-15,Zone C,1,Ete
2026-08-16,Zone C,1,Ete
2026-08-17,Zone C,1,Ete
2026-08-18,Zone C,1,Ete
2026-08-19,Zone C,1,Ete
2026-08-20,Zone C,1,Ete
2026-08-21,Zone C,1,Ete
2026-08-22,Zone C,1,Ete
2026-08-23,Zone C,1,Ete
2026-08-24,Zone C,1,Ete
2026-08-25,Zone C,1,Ete
2026-08-26,Zone C,1,Ete
2026-08-27,Zone C,1,Ete
2026-08-28,Zone C,1,Ete
2026-08-29,Zone C,1,Ete
2026-08-30,Zone C,1,Ete
2026-08-31,Zone C,1,Ete
2026-10-18,Zone C,1,Toussaint
2026-10-19,Zone C,1,Toussaint
2026-10-20,Zone C,1,Toussaint
2026-10-21,Zone C,1,Toussaint
2026-10-22,Zone C,1,Toussaint
2026-10-23,Zone C,1,Toussaint
2026-10-24,Zone C,1,Toussaint
2026-10-25,Zone C,1,Toussaint
2026-10-26,Zone C,1,Toussaint
2026-10-27,Zone C,1,Toussaint
2026-10-28,Zone C,1,Toussaint
2026-10-29,Zone C,1,Toussaint
2026-10-30,Zone C,1,Toussaint
2026-10-31,Zone C,1,Toussaint
2026-11-01,Zone C,1,Toussaint
2026-12-20,Zone C,1,Noel
2026-12-21,Zone C,1,Noel
2026-12-22,Zone C,1,Noel
2026-12-23,Zone C,1,Noel
2026-12-24,Zone C,1,Noel
2026-12-25,Zone C,1,Noel
2026-12-26,Zone C,1,Noel
2026-12-27,Zone C,1,Noel
2026-12-28,Zone C,1,Noel
2026-12-29,Zone C,1,Noel
2026-12-30,Zone C,1,Noel
2026-12-31,Zone C,1,Noel
